id,text,created_at,lang
"1,""I'm",so,frustrated,with,the,bugs,in,this,"software."",,en"
"2,""Bitcoin",prices,are,skyrocketing,"again,",investors,are,"thrilled."",,en"
"3,""The",weather,today,is,"beautiful,",feeling,positive,and,"refreshed."",,en"
"4,""Had",a,wonderful,dinner,with,family,"tonight."",,en"
"5,""This",new,update,completely,ruined,the,"app."",,en"
"6,""Feeling",excited,about,the,upcoming,movie,"release!"",,en"
"7,""I'm",worried,about,the,recent,news,on,the,"economy."",,en"
"8,""Congratulations",to,the,team,on,the,successful,"launch!"",,en"
"9,""Traffic",is,terrible,"today,",I'm,late,for,"work."",,en"
"10,""Looking",forward,to,the,holiday,"weekend."",,en"
"11,""Can't",believe,how,bad,the,service,was,at,the,"restaurant."",,en"
"12,""Our",product,received,excellent,feedback,from,"customers."",,en"
"13,""The",match,last,night,was,exhilarating,and,tense,till,the,"end."",,en"
"14,""I",need,recommendations,for,a,good,laptop,under,"50k."",,en"
"15,""Happy",to,see,the,community,come,together,for,the,cleanup,"drive."",,en"
"16,""The",concert,tickets,sold,out,so,"fast!"",,en"
"17,""Why",is,the,app,crashing,every,time,I,open,"it?"",,en"
"18,""Great",customer,"support,",they,resolved,my,issue,"quickly."",,en"
"19,""I'm",tired,of,the,constant,ads,on,the,"website."",,en"
"20,""Amazing",performance,by,the,lead,"actor."",,en"
"21,""Is",anyone,else,having,problems,with,the,"update?"",,en"
"22,""Proud",of,our,college,team,for,winning,the,"competition!"",,en"
"23,""The",flight,was,delayed,and,there,was,no,proper,"explanation."",,en"
"24,""Impressed",by,the,new,features,in,the,"release."",,en"
"25,""Seriously",disappointed,by,the,food,"quality."",,en"
"26,""Happy",birthday,to,my,best,"friend!"",,en"
"27,""This",tutorial,helped,me,learn,a,"lot,","thanks!"",,en"
"28,""I",found,a,great,deal,on,electronics,"today."",,en"
"29,""The",park,is,so,serene,in,the,"morning."",,en"
"30,""I'm",anxious,about,the,exam,"results."",,en"
"31,""Loved",the,new,cafe,near,my,"office."",,en"
"32,""Why",do,companies,keep,increasing,"prices?"",,en"
"33,""Fantastic",customer,experience,at,the,store,"today."",,en"
"34,""My",package,arrived,"damaged,",very,"upset."",,en"
"35,""The",workshop,provided,practical,insights,and,"networking."",,en"
"36,""Can't",stop,smiling,after,the,good,"news!"",,en"
"37,""The",interface,is,confusing,and,"unintuitive."",,en"
"38,""Enjoying",the,long,drive,with,"friends."",,en"
"39,""The",new,policy,will,affect,small,businesses,"badly."",,en"
"40,""Superb",visuals,in,the,latest,"episode."",,en"
"41,""Registration",process,is,too,"complicated."",,en"
"42,""What",a,lovely,initiative,by,the,"NGO."",,en"
"43,""System",reboot,fixed,the,issue,"temporarily."",,en"
"44,""I",appreciate,the,team's,dedication,and,"effort."",,en"
"45,""There's",a,lot,of,spam,messages,in,my,"inbox."",,en"
"46,""The",recipe,turned,out,delicious,and,easy,to,"follow."",,en"
"47,""Struggling",to,find,a,parking,spot,"downtown."",,en"
"48,""The",tutorial,code,had,helpful,"comments."",,en"
"49,""Feeling",grateful,for,the,support,I,"received."",,en"
"50,""The",UI,looks,polished,and,"intuitive."",,en"