id,text
1,क्रिकेट मैच देखने में बहुत मज़ा आया।
2,कृत्रिम बुद्धिमत्ता भविष्य बदल रही है।
3,आज ट्रैफ़िक बहुत ज्यादा था।
4,नई फिल्म बहुत अच्छी लगी।
5,भारत में शिक्षा का स्तर बढ़ रहा है।
6,कृत्रिम बुद्धिमत्ता भविष्य बदल रही है।
7,भारत में शिक्षा का स्तर बढ़ रहा है।
8,भारत में शिक्षा का स्तर बढ़ रहा है।
9,आज का मौसम बहुत सुहाना है।
10,मोबाइल की बैटरी जल्दी ख़त्म हो रही है।
11,कृत्रिम बुद्धिमत्ता भविष्य बदल रही है।
12,क्रिकेट मैच देखने में बहुत मज़ा आया।
13,आज ट्रैफ़िक बहुत ज्यादा था।
14,आज ट्रैफ़िक बहुत ज्यादा था।
15,नयी नौकरी मिलने पर बहुत खुशी हुई।
16,कृत्रिम बुद्धिमत्ता भविष्य बदल रही है।
17,नयी नौकरी मिलने पर बहुत खुशी हुई।
18,आज का मौसम बहुत सुहाना है।
19,मोबाइल की बैटरी जल्दी ख़त्म हो रही है।
20,नयी नौकरी मिलने पर बहुत खुशी हुई।
21,क्रिकेट मैच देखने में बहुत मज़ा आया।
22,क्रिकेट मैच देखने में बहुत मज़ा आया।
23,त्योहारों का मौसम आ गया है।
24,भारत में शिक्षा का स्तर बढ़ रहा है।
25,त्योहारों का मौसम आ गया है।
26,कृत्रिम बुद्धिमत्ता भविष्य बदल रही है।
27,मुझे यह ऐप बहुत पसंद आया।
28,नई फिल्म बहुत अच्छी लगी।
29,नई फिल्म बहुत अच्छी लगी।
30,नई फिल्म बहुत अच्छी लगी।
31,आज का मौसम बहुत सुहाना है।
32,नई फिल्म बहुत अच्छी लगी।
33,त्योहारों का मौसम आ गया है।
34,मुझे यह ऐप बहुत पसंद आया।
35,आज का मौसम बहुत सुहाना है।
36,मुझे यह ऐप बहुत पसंद आया।
37,आज ट्रैफ़िक बहुत ज्यादा था।
38,मोबाइल की बैटरी जल्दी ख़त्म हो रही है।
39,क्रिकेट मैच देखने में बहुत मज़ा आया।
40,आज का मौसम बहुत सुहाना है।
41,आज ट्रैफ़िक बहुत ज्यादा था।
42,भारत में शिक्षा का स्तर बढ़ रहा है।
43,त्योहारों का मौसम आ गया है।
44,कृत्रिम बुद्धिमत्ता भविष्य बदल रही है।
45,आज का मौसम बहुत सुहाना है।
46,त्योहारों का मौसम आ गया है।
47,नयी नौकरी मिलने पर बहुत खुशी हुई।
48,मोबाइल की बैटरी जल्दी ख़त्म हो रही है।
49,भारत में शिक्षा का स्तर बढ़ रहा है।
50,आज का मौसम बहुत सुहाना है।
51,मुझे यह ऐप बहुत पसंद आया।
52,नई फिल्म बहुत अच्छी लगी।
53,आज का मौसम बहुत सुहाना है।
54,क्रिकेट मैच देखने में बहुत मज़ा आया।
55,त्योहारों का मौसम आ गया है।
56,आज ट्रैफ़िक बहुत ज्यादा था।
57,नई फिल्म बहुत अच्छी लगी।
58,त्योहारों का मौसम आ गया है।
59,आज का मौसम बहुत सुहाना है।
60,कृत्रिम बुद्धिमत्ता भविष्य बदल रही है।
61,आज का मौसम बहुत सुहाना है।
62,भारत में शिक्षा का स्तर बढ़ रहा है।
63,नयी नौकरी मिलने पर बहुत खुशी हुई।
64,नई फिल्म बहुत अच्छी लगी।
65,आज ट्रैफ़िक बहुत ज्यादा था।
66,क्रिकेट मैच देखने में बहुत मज़ा आया।
67,त्योहारों का मौसम आ गया है।
68,आज का मौसम बहुत सुहाना है।
69,कृत्रिम बुद्धिमत्ता भविष्य बदल रही है।
70,आज का मौसम बहुत सुहाना है।
71,नई फिल्म बहुत अच्छी लगी।
72,मुझे यह ऐप बहुत पसंद आया।
73,क्रिकेट मैच देखने में बहुत मज़ा आया।
74,भारत में शिक्षा का स्तर बढ़ रहा है।
75,कृत्रिम बुद्धिमत्ता भविष्य बदल रही है।
76,भारत में शिक्षा का स्तर बढ़ रहा है।
77,मोबाइल की बैटरी जल्दी ख़त्म हो रही है।
78,भारत में शिक्षा का स्तर बढ़ रहा है।
79,कृत्रिम बुद्धिमत्ता भविष्य बदल रही है।
80,भारत में शिक्षा का स्तर बढ़ रहा है।
81,क्रिकेट मैच देखने में बहुत मज़ा आया।
82,क्रिकेट मैच देखने में बहुत मज़ा आया।
83,कृत्रिम बुद्धिमत्ता भविष्य बदल रही है।
84,आज ट्रैफ़िक बहुत ज्यादा था।
85,मुझे यह ऐप बहुत पसंद आया।
86,कृत्रिम बुद्धिमत्ता भविष्य बदल रही है।
87,क्रिकेट मैच देखने में बहुत मज़ा आया।
88,आज का मौसम बहुत सुहाना है।
89,नई फिल्म बहुत अच्छी लगी।
90,नई फिल्म बहुत अच्छी लगी।
91,भारत में शिक्षा का स्तर बढ़ रहा है।
92,नयी नौकरी मिलने पर बहुत खुशी हुई।
93,आज का मौसम बहुत सुहाना है।
94,कृत्रिम बुद्धिमत्ता भविष्य बदल रही है।
95,मोबाइल की बैटरी जल्दी ख़त्म हो रही है।
96,आज ट्रैफ़िक बहुत ज्यादा था।
97,आज का मौसम बहुत सुहाना है।
98,मुझे यह ऐप बहुत पसंद आया।
99,नई फिल्म बहुत अच्छी लगी।
100,कृत्रिम बुद्धिमत्ता भविष्य बदल रही है।
101,भारत में शिक्षा का स्तर बढ़ रहा है।
102,नई फिल्म बहुत अच्छी लगी।
103,आज का मौसम बहुत सुहाना है।
104,आज ट्रैफ़िक बहुत ज्यादा था।
105,त्योहारों का मौसम आ गया है।
106,मुझे यह ऐप बहुत पसंद आया।
107,क्रिकेट मैच देखने में बहुत मज़ा आया।
108,भारत में शिक्षा का स्तर बढ़ रहा है।
109,आज ट्रैफ़िक बहुत ज्यादा था।
110,क्रिकेट मैच देखने में बहुत मज़ा आया।
111,मुझे यह ऐप बहुत पसंद आया।
112,मुझे यह ऐप बहुत पसंद आया।
113,कृत्रिम बुद्धिमत्ता भविष्य बदल रही है।
114,नई फिल्म बहुत अच्छी लगी।
115,नई फिल्म बहुत अच्छी लगी।
116,आज का मौसम बहुत सुहाना है।
117,आज का मौसम बहुत सुहाना है।
118,कृत्रिम बुद्धिमत्ता भविष्य बदल रही है।
119,कृत्रिम बुद्धिमत्ता भविष्य बदल रही है।
120,नई फिल्म बहुत अच्छी लगी।
121,मोबाइल की बैटरी जल्दी ख़त्म हो रही है।
122,त्योहारों का मौसम आ गया है।
123,नई फिल्म बहुत अच्छी लगी।
124,आज का मौसम बहुत सुहाना है।
125,क्रिकेट मैच देखने में बहुत मज़ा आया।
126,आज का मौसम बहुत सुहाना है।
127,त्योहारों का मौसम आ गया है।
128,नयी नौकरी मिलने पर बहुत खुशी हुई।
129,कृत्रिम बुद्धिमत्ता भविष्य बदल रही है।
130,क्रिकेट मैच देखने में बहुत मज़ा आया।
131,आज ट्रैफ़िक बहुत ज्यादा था।
132,कृत्रिम बुद्धिमत्ता भविष्य बदल रही है।
133,त्योहारों का मौसम आ गया है।
134,नयी नौकरी मिलने पर बहुत खुशी हुई।
135,आज का मौसम बहुत सुहाना है।
136,नयी नौकरी मिलने पर बहुत खुशी हुई।
137,त्योहारों का मौसम आ गया है।
138,त्योहारों का मौसम आ गया है।
139,आज ट्रैफ़िक बहुत ज्यादा था।
140,मुझे यह ऐप बहुत पसंद आया।
141,क्रिकेट मैच देखने में बहुत मज़ा आया।
142,क्रिकेट मैच देखने में बहुत मज़ा आया।
143,नई फिल्म बहुत अच्छी लगी।
144,नई फिल्म बहुत अच्छी लगी।
145,मुझे यह ऐप बहुत पसंद आया।
146,त्योहारों का मौसम आ गया है।
147,क्रिकेट मैच देखने में बहुत मज़ा आया।
148,त्योहारों का मौसम आ गया है।
149,भारत में शिक्षा का स्तर बढ़ रहा है।
150,आज ट्रैफ़िक बहुत ज्यादा था।
151,आज ट्रैफ़िक बहुत ज्यादा था।
152,क्रिकेट मैच देखने में बहुत मज़ा आया।
153,आज का मौसम बहुत सुहाना है।
154,मुझे यह ऐप बहुत पसंद आया।
155,नई फिल्म बहुत अच्छी लगी।
156,नई फिल्म बहुत अच्छी लगी।
157,कृत्रिम बुद्धिमत्ता भविष्य बदल रही है।
158,आज ट्रैफ़िक बहुत ज्यादा था।
159,नई फिल्म बहुत अच्छी लगी।
160,आज ट्रैफ़िक बहुत ज्यादा था।
161,आज का मौसम बहुत सुहाना है।
162,आज ट्रैफ़िक बहुत ज्यादा था।
163,आज का मौसम बहुत सुहाना है।
164,कृत्रिम बुद्धिमत्ता भविष्य बदल रही है।
165,क्रिकेट मैच देखने में बहुत मज़ा आया।
166,नयी नौकरी मिलने पर बहुत खुशी हुई।
167,नई फिल्म बहुत अच्छी लगी।
168,भारत में शिक्षा का स्तर बढ़ रहा है।
169,मुझे यह ऐप बहुत पसंद आया।
170,कृत्रिम बुद्धिमत्ता भविष्य बदल रही है।
171,मुझे यह ऐप बहुत पसंद आया।
172,मुझे यह ऐप बहुत पसंद आया।
173,आज ट्रैफ़िक बहुत ज्यादा था।
174,कृत्रिम बुद्धिमत्ता भविष्य बदल रही है।
175,नयी नौकरी मिलने पर बहुत खुशी हुई।
176,मोबाइल की बैटरी जल्दी ख़त्म हो रही है।
177,नयी नौकरी मिलने पर बहुत खुशी हुई।
178,नई फिल्म बहुत अच्छी लगी।
179,भारत में शिक्षा का स्तर बढ़ रहा है।
180,मुझे यह ऐप बहुत पसंद आया।
181,आज का मौसम बहुत सुहाना है।
182,आज का मौसम बहुत सुहाना है।
183,कृत्रिम बुद्धिमत्ता भविष्य बदल रही है।
184,क्रिकेट मैच देखने में बहुत मज़ा आया।
185,कृत्रिम बुद्धिमत्ता भविष्य बदल रही है।
186,नयी नौकरी मिलने पर बहुत खुशी हुई।
187,नई फिल्म बहुत अच्छी लगी।
188,क्रिकेट मैच देखने में बहुत मज़ा आया।
189,कृत्रिम बुद्धिमत्ता भविष्य बदल रही है।
190,नई फिल्म बहुत अच्छी लगी।
191,आज का मौसम बहुत सुहाना है।
192,नयी नौकरी मिलने पर बहुत खुशी हुई।
193,क्रिकेट मैच देखने में बहुत मज़ा आया।
194,नई फिल्म बहुत अच्छी लगी।
195,कृत्रिम बुद्धिमत्ता भविष्य बदल रही है।
196,त्योहारों का मौसम आ गया है।
197,आज ट्रैफ़िक बहुत ज्यादा था।
198,कृत्रिम बुद्धिमत्ता भविष्य बदल रही है।
199,कृत्रिम बुद्धिमत्ता भविष्य बदल रही है।
200,आज ट्रैफ़िक बहुत ज्यादा था।
201,भारत में शिक्षा का स्तर बढ़ रहा है।
202,क्रिकेट मैच देखने में बहुत मज़ा आया।
203,आज ट्रैफ़िक बहुत ज्यादा था।
204,कृत्रिम बुद्धिमत्ता भविष्य बदल रही है।
205,क्रिकेट मैच देखने में बहुत मज़ा आया।
206,त्योहारों का मौसम आ गया है।
207,आज ट्रैफ़िक बहुत ज्यादा था।
208,आज ट्रैफ़िक बहुत ज्यादा था।
209,मोबाइल की बैटरी जल्दी ख़त्म हो रही है।
210,आज का मौसम बहुत सुहाना है।
211,आज ट्रैफ़िक बहुत ज्यादा था।
212,मुझे यह ऐप बहुत पसंद आया।
213,मोबाइल की बैटरी जल्दी ख़त्म हो रही है।
214,आज ट्रैफ़िक बहुत ज्यादा था।
215,कृत्रिम बुद्धिमत्ता भविष्य बदल रही है।
216,आज ट्रैफ़िक बहुत ज्यादा था।
217,नई फिल्म बहुत अच्छी लगी।
218,मुझे यह ऐप बहुत पसंद आया।
219,कृत्रिम बुद्धिमत्ता भविष्य बदल रही है।
220,त्योहारों का मौसम आ गया है।
221,आज का मौसम बहुत सुहाना है।
222,नई फिल्म बहुत अच्छी लगी।
223,नयी नौकरी मिलने पर बहुत खुशी हुई।
224,भारत में शिक्षा का स्तर बढ़ रहा है।
225,आज ट्रैफ़िक बहुत ज्यादा था।
226,आज का मौसम बहुत सुहाना है।
227,मोबाइल की बैटरी जल्दी ख़त्म हो रही है।
228,कृत्रिम बुद्धिमत्ता भविष्य बदल रही है।
229,मोबाइल की बैटरी जल्दी ख़त्म हो रही है।
230,भारत में शिक्षा का स्तर बढ़ रहा है।
231,आज ट्रैफ़िक बहुत ज्यादा था।
232,नई फिल्म बहुत अच्छी लगी।
233,कृत्रिम बुद्धिमत्ता भविष्य बदल रही है।
234,आज ट्रैफ़िक बहुत ज्यादा था।
235,मुझे यह ऐप बहुत पसंद आया।
236,त्योहारों का मौसम आ गया है।
237,मुझे यह ऐप बहुत पसंद आया।
238,क्रिकेट मैच देखने में बहुत मज़ा आया।
239,भारत में शिक्षा का स्तर बढ़ रहा है।
240,आज का मौसम बहुत सुहाना है।
241,मुझे यह ऐप बहुत पसंद आया।
242,आज ट्रैफ़िक बहुत ज्यादा था।
243,आज का मौसम बहुत सुहाना है।
244,नयी नौकरी मिलने पर बहुत खुशी हुई।
245,मोबाइल की बैटरी जल्दी ख़त्म हो रही है।
246,कृत्रिम बुद्धिमत्ता भविष्य बदल रही है।
247,नयी नौकरी मिलने पर बहुत खुशी हुई।
248,भारत में शिक्षा का स्तर बढ़ रहा है।
249,आज का मौसम बहुत सुहाना है।
250,नयी नौकरी मिलने पर बहुत खुशी हुई।
251,आज ट्रैफ़िक बहुत ज्यादा था।
252,नई फिल्म बहुत अच्छी लगी।
253,मोबाइल की बैटरी जल्दी ख़त्म हो रही है।
254,नयी नौकरी मिलने पर बहुत खुशी हुई।
255,आज का मौसम बहुत सुहाना है।
256,त्योहारों का मौसम आ गया है।
257,कृत्रिम बुद्धिमत्ता भविष्य बदल रही है।
258,कृत्रिम बुद्धिमत्ता भविष्य बदल रही है।
259,आज का मौसम बहुत सुहाना है।
260,कृत्रिम बुद्धिमत्ता भविष्य बदल रही है।
261,कृत्रिम बुद्धिमत्ता भविष्य बदल रही है।
262,आज का मौसम बहुत सुहाना है।
263,नई फिल्म बहुत अच्छी लगी।
264,नई फिल्म बहुत अच्छी लगी।
265,नयी नौकरी मिलने पर बहुत खुशी हुई।
266,नयी नौकरी मिलने पर बहुत खुशी हुई।
267,मोबाइल की बैटरी जल्दी ख़त्म हो रही है।
268,नई फिल्म बहुत अच्छी लगी।
269,त्योहारों का मौसम आ गया है।
270,कृत्रिम बुद्धिमत्ता भविष्य बदल रही है।
271,त्योहारों का मौसम आ गया है।
272,भारत में शिक्षा का स्तर बढ़ रहा है।
273,कृत्रिम बुद्धिमत्ता भविष्य बदल रही है।
274,आज ट्रैफ़िक बहुत ज्यादा था।
275,मोबाइल की बैटरी जल्दी ख़त्म हो रही है।
276,मोबाइल की बैटरी जल्दी ख़त्म हो रही है।
277,भारत में शिक्षा का स्तर बढ़ रहा है।
278,क्रिकेट मैच देखने में बहुत मज़ा आया।
279,भारत में शिक्षा का स्तर बढ़ रहा है।
280,त्योहारों का मौसम आ गया है।
281,भारत में शिक्षा का स्तर बढ़ रहा है।
282,नयी नौकरी मिलने पर बहुत खुशी हुई।
283,आज का मौसम बहुत सुहाना है।
284,त्योहारों का मौसम आ गया है।
285,नयी नौकरी मिलने पर बहुत खुशी हुई।
286,मुझे यह ऐप बहुत पसंद आया।
287,मोबाइल की बैटरी जल्दी ख़त्म हो रही है।
288,त्योहारों का मौसम आ गया है।
289,आज ट्रैफ़िक बहुत ज्यादा था।
290,आज ट्रैफ़िक बहुत ज्यादा था।
291,भारत में शिक्षा का स्तर बढ़ रहा है।
292,कृत्रिम बुद्धिमत्ता भविष्य बदल रही है।
293,आज ट्रैफ़िक बहुत ज्यादा था।
294,क्रिकेट मैच देखने में बहुत मज़ा आया।
295,मुझे यह ऐप बहुत पसंद आया।
296,मुझे यह ऐप बहुत पसंद आया।
297,आज का मौसम बहुत सुहाना है।
298,भारत में शिक्षा का स्तर बढ़ रहा है।
299,नई फिल्म बहुत अच्छी लगी।
300,मुझे यह ऐप बहुत पसंद आया।
301,आज ट्रैफ़िक बहुत ज्यादा था।
302,कृत्रिम बुद्धिमत्ता भविष्य बदल रही है।
303,त्योहारों का मौसम आ गया है।
304,मुझे यह ऐप बहुत पसंद आया।
305,कृत्रिम बुद्धिमत्ता भविष्य बदल रही है।
306,भारत में शिक्षा का स्तर बढ़ रहा है।
307,नयी नौकरी मिलने पर बहुत खुशी हुई।
308,भारत में शिक्षा का स्तर बढ़ रहा है।
309,कृत्रिम बुद्धिमत्ता भविष्य बदल रही है।
310,कृत्रिम बुद्धिमत्ता भविष्य बदल रही है।
311,नई फिल्म बहुत अच्छी लगी।
312,कृत्रिम बुद्धिमत्ता भविष्य बदल रही है।
313,त्योहारों का मौसम आ गया है।
314,नई फिल्म बहुत अच्छी लगी।
315,आज का मौसम बहुत सुहाना है।
316,आज का मौसम बहुत सुहाना है।
317,क्रिकेट मैच देखने में बहुत मज़ा आया।
318,क्रिकेट मैच देखने में बहुत मज़ा आया।
319,त्योहारों का मौसम आ गया है।
320,त्योहारों का मौसम आ गया है।
321,मुझे यह ऐप बहुत पसंद आया।
322,मोबाइल की बैटरी जल्दी ख़त्म हो रही है।
323,मोबाइल की बैटरी जल्दी ख़त्म हो रही है।
324,मोबाइल की बैटरी जल्दी ख़त्म हो रही है।
325,आज का मौसम बहुत सुहाना है।
326,क्रिकेट मैच देखने में बहुत मज़ा आया।
327,आज का मौसम बहुत सुहाना है।
328,नयी नौकरी मिलने पर बहुत खुशी हुई।
329,नयी नौकरी मिलने पर बहुत खुशी हुई।
330,आज ट्रैफ़िक बहुत ज्यादा था।
331,नई फिल्म बहुत अच्छी लगी।
332,मोबाइल की बैटरी जल्दी ख़त्म हो रही है।
333,त्योहारों का मौसम आ गया है।
334,नई फिल्म बहुत अच्छी लगी।
335,क्रिकेट मैच देखने में बहुत मज़ा आया।
336,आज का मौसम बहुत सुहाना है।
337,त्योहारों का मौसम आ गया है।
338,मुझे यह ऐप बहुत पसंद आया।
339,त्योहारों का मौसम आ गया है।
340,नई फिल्म बहुत अच्छी लगी।
341,त्योहारों का मौसम आ गया है।
342,मुझे यह ऐप बहुत पसंद आया।
343,आज ट्रैफ़िक बहुत ज्यादा था।
344,आज का मौसम बहुत सुहाना है।
345,भारत में शिक्षा का स्तर बढ़ रहा है।
346,नई फिल्म बहुत अच्छी लगी।
347,नई फिल्म बहुत अच्छी लगी।
348,आज ट्रैफ़िक बहुत ज्यादा था।
349,आज ट्रैफ़िक बहुत ज्यादा था।
350,नयी नौकरी मिलने पर बहुत खुशी हुई।
351,आज ट्रैफ़िक बहुत ज्यादा था।
352,कृत्रिम बुद्धिमत्ता भविष्य बदल रही है।
353,मुझे यह ऐप बहुत पसंद आया।
354,नयी नौकरी मिलने पर बहुत खुशी हुई।
355,क्रिकेट मैच देखने में बहुत मज़ा आया।
356,नई फिल्म बहुत अच्छी लगी।
357,नयी नौकरी मिलने पर बहुत खुशी हुई।
358,त्योहारों का मौसम आ गया है।
359,नई फिल्म बहुत अच्छी लगी।
360,कृत्रिम बुद्धिमत्ता भविष्य बदल रही है।
361,नयी नौकरी मिलने पर बहुत खुशी हुई।
362,मोबाइल की बैटरी जल्दी ख़त्म हो रही है।
363,क्रिकेट मैच देखने में बहुत मज़ा आया।
364,मोबाइल की बैटरी जल्दी ख़त्म हो रही है।
365,त्योहारों का मौसम आ गया है।
366,मोबाइल की बैटरी जल्दी ख़त्म हो रही है।
367,नयी नौकरी मिलने पर बहुत खुशी हुई।
368,नयी नौकरी मिलने पर बहुत खुशी हुई।
369,आज ट्रैफ़िक बहुत ज्यादा था।
370,आज ट्रैफ़िक बहुत ज्यादा था।
371,नई फिल्म बहुत अच्छी लगी।
372,मुझे यह ऐप बहुत पसंद आया।
373,कृत्रिम बुद्धिमत्ता भविष्य बदल रही है।
374,त्योहारों का मौसम आ गया है।
375,मोबाइल की बैटरी जल्दी ख़त्म हो रही है।
376,क्रिकेट मैच देखने में बहुत मज़ा आया।
377,नई फिल्म बहुत अच्छी लगी।
378,नयी नौकरी मिलने पर बहुत खुशी हुई।
379,भारत में शिक्षा का स्तर बढ़ रहा है।
380,भारत में शिक्षा का स्तर बढ़ रहा है।
381,आज ट्रैफ़िक बहुत ज्यादा था।
382,क्रिकेट मैच देखने में बहुत मज़ा आया।
383,आज ट्रैफ़िक बहुत ज्यादा था।
384,नई फिल्म बहुत अच्छी लगी।
385,आज ट्रैफ़िक बहुत ज्यादा था।
386,मुझे यह ऐप बहुत पसंद आया।
387,भारत में शिक्षा का स्तर बढ़ रहा है।
388,भारत में शिक्षा का स्तर बढ़ रहा है।
389,मुझे यह ऐप बहुत पसंद आया।
390,मोबाइल की बैटरी जल्दी ख़त्म हो रही है।
391,क्रिकेट मैच देखने में बहुत मज़ा आया।
392,त्योहारों का मौसम आ गया है।
393,त्योहारों का मौसम आ गया है।
394,मोबाइल की बैटरी जल्दी ख़त्म हो रही है।
395,आज ट्रैफ़िक बहुत ज्यादा था।
396,आज का मौसम बहुत सुहाना है।
397,आज का मौसम बहुत सुहाना है।
398,भारत में शिक्षा का स्तर बढ़ रहा है।
399,आज का मौसम बहुत सुहाना है।
400,आज का मौसम बहुत सुहाना है।
401,क्रिकेट मैच देखने में बहुत मज़ा आया।
402,नई फिल्म बहुत अच्छी लगी।
403,मोबाइल की बैटरी जल्दी ख़त्म हो रही है।
404,कृत्रिम बुद्धिमत्ता भविष्य बदल रही है।
405,भारत में शिक्षा का स्तर बढ़ रहा है।
406,नई फिल्म बहुत अच्छी लगी।
407,मोबाइल की बैटरी जल्दी ख़त्म हो रही है।
408,आज का मौसम बहुत सुहाना है।
409,भारत में शिक्षा का स्तर बढ़ रहा है।
410,आज ट्रैफ़िक बहुत ज्यादा था।
411,नई फिल्म बहुत अच्छी लगी।
412,मुझे यह ऐप बहुत पसंद आया।
413,भारत में शिक्षा का स्तर बढ़ रहा है।
414,नयी नौकरी मिलने पर बहुत खुशी हुई।
415,मुझे यह ऐप बहुत पसंद आया।
416,कृत्रिम बुद्धिमत्ता भविष्य बदल रही है।
417,नयी नौकरी मिलने पर बहुत खुशी हुई।
418,मोबाइल की बैटरी जल्दी ख़त्म हो रही है।
419,कृत्रिम बुद्धिमत्ता भविष्य बदल रही है।
420,आज ट्रैफ़िक बहुत ज्यादा था।
421,क्रिकेट मैच देखने में बहुत मज़ा आया।
422,मोबाइल की बैटरी जल्दी ख़त्म हो रही है।
423,भारत में शिक्षा का स्तर बढ़ रहा है।
424,मोबाइल की बैटरी जल्दी ख़त्म हो रही है।
425,आज का मौसम बहुत सुहाना है।
426,नई फिल्म बहुत अच्छी लगी।
427,नयी नौकरी मिलने पर बहुत खुशी हुई।
428,क्रिकेट मैच देखने में बहुत मज़ा आया।
429,भारत में शिक्षा का स्तर बढ़ रहा है।
430,कृत्रिम बुद्धिमत्ता भविष्य बदल रही है।
431,त्योहारों का मौसम आ गया है।
432,नयी नौकरी मिलने पर बहुत खुशी हुई।
433,भारत में शिक्षा का स्तर बढ़ रहा है।
434,भारत में शिक्षा का स्तर बढ़ रहा है।
435,आज ट्रैफ़िक बहुत ज्यादा था।
436,आज का मौसम बहुत सुहाना है।
437,आज का मौसम बहुत सुहाना है।
438,त्योहारों का मौसम आ गया है।
439,नयी नौकरी मिलने पर बहुत खुशी हुई।
440,आज का मौसम बहुत सुहाना है।
441,नई फिल्म बहुत अच्छी लगी।
442,मुझे यह ऐप बहुत पसंद आया।
443,त्योहारों का मौसम आ गया है।
444,मुझे यह ऐप बहुत पसंद आया।
445,नई फिल्म बहुत अच्छी लगी।
446,क्रिकेट मैच देखने में बहुत मज़ा आया।
447,मुझे यह ऐप बहुत पसंद आया।
448,नयी नौकरी मिलने पर बहुत खुशी हुई।
449,नयी नौकरी मिलने पर बहुत खुशी हुई।
450,भारत में शिक्षा का स्तर बढ़ रहा है।
451,नयी नौकरी मिलने पर बहुत खुशी हुई।
452,क्रिकेट मैच देखने में बहुत मज़ा आया।
453,क्रिकेट मैच देखने में बहुत मज़ा आया।
454,कृत्रिम बुद्धिमत्ता भविष्य बदल रही है।
455,नयी नौकरी मिलने पर बहुत खुशी हुई।
456,कृत्रिम बुद्धिमत्ता भविष्य बदल रही है।
457,भारत में शिक्षा का स्तर बढ़ रहा है।
458,कृत्रिम बुद्धिमत्ता भविष्य बदल रही है।
459,त्योहारों का मौसम आ गया है।
460,क्रिकेट मैच देखने में बहुत मज़ा आया।
461,आज ट्रैफ़िक बहुत ज्यादा था।
462,आज ट्रैफ़िक बहुत ज्यादा था।
463,भारत में शिक्षा का स्तर बढ़ रहा है।
464,नयी नौकरी मिलने पर बहुत खुशी हुई।
465,नई फिल्म बहुत अच्छी लगी।
466,क्रिकेट मैच देखने में बहुत मज़ा आया।
467,आज का मौसम बहुत सुहाना है।
468,त्योहारों का मौसम आ गया है।
469,क्रिकेट मैच देखने में बहुत मज़ा आया।
470,क्रिकेट मैच देखने में बहुत मज़ा आया।
471,आज ट्रैफ़िक बहुत ज्यादा था।
472,आज ट्रैफ़िक बहुत ज्यादा था।
473,आज ट्रैफ़िक बहुत ज्यादा था।
474,आज ट्रैफ़िक बहुत ज्यादा था।
475,नयी नौकरी मिलने पर बहुत खुशी हुई।
476,आज ट्रैफ़िक बहुत ज्यादा था।
477,मुझे यह ऐप बहुत पसंद आया।
478,त्योहारों का मौसम आ गया है।
479,नई फिल्म बहुत अच्छी लगी।
480,मुझे यह ऐप बहुत पसंद आया।
481,त्योहारों का मौसम आ गया है।
482,मुझे यह ऐप बहुत पसंद आया।
483,क्रिकेट मैच देखने में बहुत मज़ा आया।
484,मोबाइल की बैटरी जल्दी ख़त्म हो रही है।
485,भारत में शिक्षा का स्तर बढ़ रहा है।
486,नई फिल्म बहुत अच्छी लगी।
487,मोबाइल की बैटरी जल्दी ख़त्म हो रही है।
488,कृत्रिम बुद्धिमत्ता भविष्य बदल रही है।
489,आज ट्रैफ़िक बहुत ज्यादा था।
490,नयी नौकरी मिलने पर बहुत खुशी हुई।
491,नई फिल्म बहुत अच्छी लगी।
492,आज का मौसम बहुत सुहाना है।
493,क्रिकेट मैच देखने में बहुत मज़ा आया।
494,नयी नौकरी मिलने पर बहुत खुशी हुई।
495,नई फिल्म बहुत अच्छी लगी।
496,आज ट्रैफ़िक बहुत ज्यादा था।
497,मुझे यह ऐप बहुत पसंद आया।
498,आज ट्रैफ़िक बहुत ज्यादा था।
499,मोबाइल की बैटरी जल्दी ख़त्म हो रही है।
500,भारत में शिक्षा का स्तर बढ़ रहा है।
